-- phpMyAdmin SQL Dump
-- version 4.2.11
-- http://www.phpmyadmin.net
--
-- Host: 127.0.0.1
-- Generation Time: Oct 09, 2018 at 05:18 PM
-- Server version: 5.6.21
-- PHP Version: 5.6.3

SET SQL_MODE = "NO_AUTO_VALUE_ON_ZERO";
SET time_zone = "+00:00";


/*!40101 SET @OLD_CHARACTER_SET_CLIENT=@@CHARACTER_SET_CLIENT */;
/*!40101 SET @OLD_CHARACTER_SET_RESULTS=@@CHARACTER_SET_RESULTS */;
/*!40101 SET @OLD_COLLATION_CONNECTION=@@COLLATION_CONNECTION */;
/*!40101 SET NAMES utf8 */;

--
-- Database: `foodsys`
--

-- --------------------------------------------------------

--
-- Users Table
--

CREATE TABLE users (
    id INT NOT NULL PRIMARY KEY AUTO_INCREMENT,
    username VARCHAR(50) NOT NULL UNIQUE,
    password VARCHAR(255) NOT NULL,
    created_at DATETIME DEFAULT CURRENT_TIMESTAMP
);

--
-- Table structure for table `category`
--

CREATE TABLE IF NOT EXISTS `category` (
`categoryid` int(11) NOT NULL,
  `catname` varchar(30) NOT NULL
) ENGINE=InnoDB AUTO_INCREMENT=9 DEFAULT CHARSET=latin1;

--
-- Dumping data for table `category`
--

INSERT INTO `category` (`categoryid`, `catname`) VALUES
(4, 'BREAKFAST'),
(5, 'LUNCH'),
(6, 'DINNER'),
(7, 'BEVERAGES');

-- --------------------------------------------------------

--
-- Table structure for table `product`
--

CREATE TABLE IF NOT EXISTS `product` (
`productid` int(11) NOT NULL,
  `categoryid` int(1) NOT NULL,
  `productname` varchar(30) NOT NULL,
  `price` double NOT NULL,
  `photo` varchar(150) NOT NULL
) ENGINE=InnoDB AUTO_INCREMENT=24 DEFAULT CHARSET=latin1;

--
-- Dumping data for table `product`
--

INSERT INTO `product` (`productid`, `categoryid`, `productname`, `price`, `photo`) VALUES
(14, 4, 'Pancake', 25, 'upload/pancake.jpg'),
(15, 4, 'Hotsilog', 40, 'upload/hotsilog.jpeg'),
(16, 5, 'Beef Broccoli', 60, 'upload/brocollibeef_1539096616_1539097842.jpg'),
(17, 5, 'Spaghetti', 50, 'upload/spagetti_1539097965.png'),
(18, 7, 'Sprite', 20, 'upload/sprite.jpg'),
(19, 7, 'Royal', 20, 'upload/royal-can.png'),
(20, 6, 'Chicken Caldereta', 60, 'upload/slow-cooker-chicken-recipes-orange-1533576720_1539097827.jpg'),
(21, 4, 'Cornsilog', 45, 'upload/cornsilog.jpeg'),
(22, 4, 'Tapsilog', 50, 'upload/tapsilog.jpeg'),
(23, 7, 'Coca-Cola', 20, 'upload/cocacola_1539097796.jpg');

-- --------------------------------------------------------

--
-- Table structure for table `purchase`
--

CREATE TABLE IF NOT EXISTS `purchase` (
`purchaseid` int(11) NOT NULL,
  `customer` varchar(50) NOT NULL,
  `total` double NOT NULL,
  `date_purchase` datetime NOT NULL
) ENGINE=InnoDB AUTO_INCREMENT=10 DEFAULT CHARSET=latin1;

--
-- Dumping data for table `purchase`
--

-- --------------------------------------------------------

--
-- Table structure for table `purchase_detail`
--

CREATE TABLE IF NOT EXISTS `purchase_detail` (
`pdid` int(11) NOT NULL,
  `purchaseid` int(11) NOT NULL,
  `productid` int(11) NOT NULL,
  `quantity` int(11) NOT NULL
) ENGINE=InnoDB AUTO_INCREMENT=17 DEFAULT CHARSET=latin1;

--
-- Dumping data for table `purchase_detail`
--

INSERT INTO `purchase_detail` (`pdid`, `purchaseid`, `productid`, `quantity`) VALUES
(13, 8, 15, 2),
(14, 8, 17, 2),
(15, 8, 18, 2),
(16, 9, 15, 3);

--
-- Indexes for dumped tables
--

--
-- Indexes for table `category`
--
ALTER TABLE `category`
 ADD PRIMARY KEY (`categoryid`);

--
-- Indexes for table `product`
--
ALTER TABLE `product`
 ADD PRIMARY KEY (`productid`);

--
-- Indexes for table `purchase`
--
ALTER TABLE `purchase`
 ADD PRIMARY KEY (`purchaseid`);

--
-- Indexes for table `purchase_detail`
--
ALTER TABLE `purchase_detail`
 ADD PRIMARY KEY (`pdid`);

--
-- AUTO_INCREMENT for dumped tables
--

--
-- AUTO_INCREMENT for table `category`
--
ALTER TABLE `category`
MODIFY `categoryid` int(11) NOT NULL AUTO_INCREMENT,AUTO_INCREMENT=9;
--
-- AUTO_INCREMENT for table `product`
--
ALTER TABLE `product`
MODIFY `productid` int(11) NOT NULL AUTO_INCREMENT,AUTO_INCREMENT=24;
--
-- AUTO_INCREMENT for table `purchase`
--
ALTER TABLE `purchase`
MODIFY `purchaseid` int(11) NOT NULL AUTO_INCREMENT,AUTO_INCREMENT=10;
--
-- AUTO_INCREMENT for table `purchase_detail`
--
ALTER TABLE `purchase_detail`
MODIFY `pdid` int(11) NOT NULL AUTO_INCREMENT,AUTO_INCREMENT=17;
/*!40101 SET CHARACTER_SET_CLIENT=@OLD_CHARACTER_SET_CLIENT */;
/*!40101 SET CHARACTER_SET_RESULTS=@OLD_CHARACTER_SET_RESULTS */;
/*!40101 SET COLLATION_CONNECTION=@OLD_COLLATION_CONNECTION */;
